Question,Answer Count,Upvotes,Count
ReactorDebugAgent.init throw IllegalStateException,0,0,1
will be fetcghed from questions page,Will be fetched later,Will be fetched later,1
will be fetcghed from questions page,Will be fetched later,Will be fetched later,1
will be fetcghed from questions page,Will be fetched later,Will be fetched later,1
will be fetcghed from questions page,Will be fetched later,Will be fetched later,1
will be fetcghed from questions page,Will be fetched later,Will be fetched later,1
will be fetcghed from questions page,Will be fetched later,Will be fetched later,1
will be fetcghed from questions page,Will be fetched later,Will be fetched later,1
will be fetcghed from questions page,Will be fetched later,Will be fetched later,1
Get barchart X and Y values as list output?,0,0,1
will be fetcghed from questions page,Will be fetched later,Will be fetched later,1
will be fetcghed from questions page,Will be fetched later,Will be fetched later,1
will be fetcghed from questions page,Will be fetched later,Will be fetched later,1
will be fetcghed from questions page,Will be fetched later,Will be fetched later,1
will be fetcghed from questions page,Will be fetched later,Will be fetched later,1
will be fetcghed from questions page,Will be fetched later,Will be fetched later,1
will be fetcghed from questions page,Will be fetched later,Will be fetched later,1
will be fetcghed from questions page,Will be fetched later,Will be fetched later,1
will be fetcghed from questions page,Will be fetched later,Will be fetched later,1
will be fetcghed from questions page,Will be fetched later,Will be fetched later,1
React Native app not showing information on Android from App.js,0,0,1
will be fetcghed from questions page,Will be fetched later,Will be fetched later,1
will be fetcghed from questions page,Will be fetched later,Will be fetched later,1
will be fetcghed from questions page,Will be fetched later,Will be fetched later,1
will be fetcghed from questions page,Will be fetched later,Will be fetched later,1
will be fetcghed from questions page,Will be fetched later,Will be fetched later,1
will be fetcghed from questions page,Will be fetched later,Will be fetched later,1
will be fetcghed from questions page,Will be fetched later,Will be fetched later,1
will be fetcghed from questions page,Will be fetched later,Will be fetched later,1
will be fetcghed from questions page,Will be fetched later,Will be fetched later,1
will be fetcghed from questions page,Will be fetched later,Will be fetched later,1
PyQt5: Window does not open [closed],0,-1,1
will be fetcghed from questions page,Will be fetched later,Will be fetched later,1
will be fetcghed from questions page,Will be fetched later,Will be fetched later,1
will be fetcghed from questions page,Will be fetched later,Will be fetched later,1
will be fetcghed from questions page,Will be fetched later,Will be fetched later,1
will be fetcghed from questions page,Will be fetched later,Will be fetched later,1
will be fetcghed from questions page,Will be fetched later,Will be fetched later,1
will be fetcghed from questions page,Will be fetched later,Will be fetched later,1
will be fetcghed from questions page,Will be fetched later,Will be fetched later,1
will be fetcghed from questions page,Will be fetched later,Will be fetched later,1
will be fetcghed from questions page,Will be fetched later,Will be fetched later,1
(standard_in 1: syntax error) if script run in a cronjob,0,0,1
will be fetcghed from questions page,Will be fetched later,Will be fetched later,1
will be fetcghed from questions page,Will be fetched later,Will be fetched later,1
will be fetcghed from questions page,Will be fetched later,Will be fetched later,1
will be fetcghed from questions page,Will be fetched later,Will be fetched later,1
will be fetcghed from questions page,Will be fetched later,Will be fetched later,1
will be fetcghed from questions page,Will be fetched later,Will be fetched later,1
will be fetcghed from questions page,Will be fetched later,Will be fetched later,1
will be fetcghed from questions page,Will be fetched later,Will be fetched later,1
will be fetcghed from questions page,Will be fetched later,Will be fetched later,1
will be fetcghed from questions page,Will be fetched later,Will be fetched later,1
Web scraping off of PowerBI Possible? [closed],0,-5,1
will be fetcghed from questions page,Will be fetched later,Will be fetched later,1
will be fetcghed from questions page,Will be fetched later,Will be fetched later,1
will be fetcghed from questions page,Will be fetched later,Will be fetched later,1
will be fetcghed from questions page,Will be fetched later,Will be fetched later,1
will be fetcghed from questions page,Will be fetched later,Will be fetched later,1
will be fetcghed from questions page,Will be fetched later,Will be fetched later,1
How to call an object from another class (Java) [closed],0,-3,1
will be fetcghed from questions page,Will be fetched later,Will be fetched later,1
will be fetcghed from questions page,Will be fetched later,Will be fetched later,1
will be fetcghed from questions page,Will be fetched later,Will be fetched later,1
will be fetcghed from questions page,Will be fetched later,Will be fetched later,1
will be fetcghed from questions page,Will be fetched later,Will be fetched later,1
will be fetcghed from questions page,Will be fetched later,Will be fetched later,1
will be fetcghed from questions page,Will be fetched later,Will be fetched later,1
will be fetcghed from questions page,Will be fetched later,Will be fetched later,1
will be fetcghed from questions page,Will be fetched later,Will be fetched later,1
C++ Run executable as admin but if user presses no  it runs without admin,0,0,1
will be fetcghed from questions page,Will be fetched later,Will be fetched later,1
will be fetcghed from questions page,Will be fetched later,Will be fetched later,1
will be fetcghed from questions page,Will be fetched later,Will be fetched later,1
will be fetcghed from questions page,Will be fetched later,Will be fetched later,1
will be fetcghed from questions page,Will be fetched later,Will be fetched later,1
will be fetcghed from questions page,Will be fetched later,Will be fetched later,1
will be fetcghed from questions page,Will be fetched later,Will be fetched later,1
will be fetcghed from questions page,Will be fetched later,Will be fetched later,1
Doctrine not generating entity ID,1,-1,1
will be fetcghed from questions page,Will be fetched later,Will be fetched later,1
will be fetcghed from questions page,Will be fetched later,Will be fetched later,1
will be fetcghed from questions page,Will be fetched later,Will be fetched later,1
will be fetcghed from questions page,Will be fetched later,Will be fetched later,1
will be fetcghed from questions page,Will be fetched later,Will be fetched later,1
will be fetcghed from questions page,Will be fetched later,Will be fetched later,1
will be fetcghed from questions page,Will be fetched later,Will be fetched later,1
will be fetcghed from questions page,Will be fetched later,Will be fetched later,1
will be fetcghed from questions page,Will be fetched later,Will be fetched later,1
View/autocomplete org-mode tags (with group tag) as a tree structure,0,0,1
will be fetcghed from questions page,Will be fetched later,Will be fetched later,1
will be fetcghed from questions page,Will be fetched later,Will be fetched later,1
will be fetcghed from questions page,Will be fetched later,Will be fetched later,1
will be fetcghed from questions page,Will be fetched later,Will be fetched later,1
will be fetcghed from questions page,Will be fetched later,Will be fetched later,1
will be fetcghed from questions page,Will be fetched later,Will be fetched later,1
will be fetcghed from questions page,Will be fetched later,Will be fetched later,1
will be fetcghed from questions page,Will be fetched later,Will be fetched later,1
will be fetcghed from questions page,Will be fetched later,Will be fetched later,1
Where is C:\LOGS file windows but at mac os,0,0,1
will be fetcghed from questions page,Will be fetched later,Will be fetched later,1
will be fetcghed from questions page,Will be fetched later,Will be fetched later,1
will be fetcghed from questions page,Will be fetched later,Will be fetched later,1
will be fetcghed from questions page,Will be fetched later,Will be fetched later,1
will be fetcghed from questions page,Will be fetched later,Will be fetched later,1
will be fetcghed from questions page,Will be fetched later,Will be fetched later,1
will be fetcghed from questions page,Will be fetched later,Will be fetched later,1
will be fetcghed from questions page,Will be fetched later,Will be fetched later,1
will be fetcghed from questions page,Will be fetched later,Will be fetched later,1
will be fetcghed from questions page,Will be fetched later,Will be fetched later,1
Library failed to load 'dll' in LabVIEW,0,0,1
will be fetcghed from questions page,Will be fetched later,Will be fetched later,1
will be fetcghed from questions page,Will be fetched later,Will be fetched later,1
will be fetcghed from questions page,Will be fetched later,Will be fetched later,1
will be fetcghed from questions page,Will be fetched later,Will be fetched later,1
will be fetcghed from questions page,Will be fetched later,Will be fetched later,1
will be fetcghed from questions page,Will be fetched later,Will be fetched later,1
DPC_WATCHDOG_VIOLATION out of nowhere,0,0,1
will be fetcghed from questions page,Will be fetched later,Will be fetched later,1
will be fetcghed from questions page,Will be fetched later,Will be fetched later,1
will be fetcghed from questions page,Will be fetched later,Will be fetched later,1
will be fetcghed from questions page,Will be fetched later,Will be fetched later,1
will be fetcghed from questions page,Will be fetched later,Will be fetched later,1
will be fetcghed from questions page,Will be fetched later,Will be fetched later,1
will be fetcghed from questions page,Will be fetched later,Will be fetched later,1
will be fetcghed from questions page,Will be fetched later,Will be fetched later,1
will be fetcghed from questions page,Will be fetched later,Will be fetched later,1
How to get the server IP address from its response with Volley?,0,0,1
will be fetcghed from questions page,Will be fetched later,Will be fetched later,1
will be fetcghed from questions page,Will be fetched later,Will be fetched later,1
will be fetcghed from questions page,Will be fetched later,Will be fetched later,1
will be fetcghed from questions page,Will be fetched later,Will be fetched later,1
will be fetcghed from questions page,Will be fetched later,Will be fetched later,1
will be fetcghed from questions page,Will be fetched later,Will be fetched later,1
will be fetcghed from questions page,Will be fetched later,Will be fetched later,1
will be fetcghed from questions page,Will be fetched later,Will be fetched later,1
Regex: Match pattern before and after excluded intermediate pattern [closed],0,-4,1
will be fetcghed from questions page,Will be fetched later,Will be fetched later,1
will be fetcghed from questions page,Will be fetched later,Will be fetched later,1
will be fetcghed from questions page,Will be fetched later,Will be fetched later,1
will be fetcghed from questions page,Will be fetched later,Will be fetched later,1
will be fetcghed from questions page,Will be fetched later,Will be fetched later,1
will be fetcghed from questions page,Will be fetched later,Will be fetched later,1
will be fetcghed from questions page,Will be fetched later,Will be fetched later,1
will be fetcghed from questions page,Will be fetched later,Will be fetched later,1
will be fetcghed from questions page,Will be fetched later,Will be fetched later,1
will be fetcghed from questions page,Will be fetched later,Will be fetched later,1
How to select Echarts.graph highlighting by clicking,0,0,1
will be fetcghed from questions page,Will be fetched later,Will be fetched later,1
will be fetcghed from questions page,Will be fetched later,Will be fetched later,1
will be fetcghed from questions page,Will be fetched later,Will be fetched later,1
will be fetcghed from questions page,Will be fetched later,Will be fetched later,1
will be fetcghed from questions page,Will be fetched later,Will be fetched later,1
will be fetcghed from questions page,Will be fetched later,Will be fetched later,1
will be fetcghed from questions page,Will be fetched later,Will be fetched later,1
will be fetcghed from questions page,Will be fetched later,Will be fetched later,1
will be fetcghed from questions page,Will be fetched later,Will be fetched later,1
How to convert a string of operators and digits into an array [closed],0,-7,1
will be fetcghed from questions page,Will be fetched later,Will be fetched later,1
will be fetcghed from questions page,Will be fetched later,Will be fetched later,1
will be fetcghed from questions page,Will be fetched later,Will be fetched later,1
will be fetcghed from questions page,Will be fetched later,Will be fetched later,1
will be fetcghed from questions page,Will be fetched later,Will be fetched later,1
will be fetcghed from questions page,Will be fetched later,Will be fetched later,1
will be fetcghed from questions page,Will be fetched later,Will be fetched later,1
will be fetcghed from questions page,Will be fetched later,Will be fetched later,1
will be fetcghed from questions page,Will be fetched later,Will be fetched later,1
will be fetcghed from questions page,Will be fetched later,Will be fetched later,1
Cannot call WebSocket endpoint with Spring Security CORS filter,0,0,1
will be fetcghed from questions page,Will be fetched later,Will be fetched later,1
will be fetcghed from questions page,Will be fetched later,Will be fetched later,1
will be fetcghed from questions page,Will be fetched later,Will be fetched later,1
will be fetcghed from questions page,Will be fetched later,Will be fetched later,1
will be fetcghed from questions page,Will be fetched later,Will be fetched later,1
will be fetcghed from questions page,Will be fetched later,Will be fetched later,1
will be fetcghed from questions page,Will be fetched later,Will be fetched later,1
will be fetcghed from questions page,Will be fetched later,Will be fetched later,1
will be fetcghed from questions page,Will be fetched later,Will be fetched later,1
using macros with variable number of arguments,1,0,1
will be fetcghed from questions page,Will be fetched later,Will be fetched later,1
will be fetcghed from questions page,Will be fetched later,Will be fetched later,1
will be fetcghed from questions page,Will be fetched later,Will be fetched later,1
will be fetcghed from questions page,Will be fetched later,Will be fetched later,1
will be fetcghed from questions page,Will be fetched later,Will be fetched later,1
will be fetcghed from questions page,Will be fetched later,Will be fetched later,1
will be fetcghed from questions page,Will be fetched later,Will be fetched later,1
will be fetcghed from questions page,Will be fetched later,Will be fetched later,1
will be fetcghed from questions page,Will be fetched later,Will be fetched later,1
will be fetcghed from questions page,Will be fetched later,Will be fetched later,1
how i can loops thourgh column in each row using python,2,-1,1
will be fetcghed from questions page,Will be fetched later,Will be fetched later,1
will be fetcghed from questions page,Will be fetched later,Will be fetched later,1
will be fetcghed from questions page,Will be fetched later,Will be fetched later,1
will be fetcghed from questions page,Will be fetched later,Will be fetched later,1
will be fetcghed from questions page,Will be fetched later,Will be fetched later,1
will be fetcghed from questions page,Will be fetched later,Will be fetched later,1
will be fetcghed from questions page,Will be fetched later,Will be fetched later,1
will be fetcghed from questions page,Will be fetched later,Will be fetched later,1
will be fetcghed from questions page,Will be fetched later,Will be fetched later,1
will be fetcghed from questions page,Will be fetched later,Will be fetched later,1
Change trace behavior Numpy,1,0,1
will be fetcghed from questions page,Will be fetched later,Will be fetched later,1
will be fetcghed from questions page,Will be fetched later,Will be fetched later,1
will be fetcghed from questions page,Will be fetched later,Will be fetched later,1
will be fetcghed from questions page,Will be fetched later,Will be fetched later,1
will be fetcghed from questions page,Will be fetched later,Will be fetched later,1
will be fetcghed from questions page,Will be fetched later,Will be fetched later,1
will be fetcghed from questions page,Will be fetched later,Will be fetched later,1
will be fetcghed from questions page,Will be fetched later,Will be fetched later,1
will be fetcghed from questions page,Will be fetched later,Will be fetched later,1
Angular 12 - 'onbeforeunload' event not fired,1,0,1
will be fetcghed from questions page,Will be fetched later,Will be fetched later,1
will be fetcghed from questions page,Will be fetched later,Will be fetched later,1
will be fetcghed from questions page,Will be fetched later,Will be fetched later,1
will be fetcghed from questions page,Will be fetched later,Will be fetched later,1
will be fetcghed from questions page,Will be fetched later,Will be fetched later,1
will be fetcghed from questions page,Will be fetched later,Will be fetched later,1
will be fetcghed from questions page,Will be fetched later,Will be fetched later,1
will be fetcghed from questions page,Will be fetched later,Will be fetched later,1
will be fetcghed from questions page,Will be fetched later,Will be fetched later,1
will be fetcghed from questions page,Will be fetched later,Will be fetched later,1
What pieces of information should I be logging? [closed],0,0,1
will be fetcghed from questions page,Will be fetched later,Will be fetched later,1
will be fetcghed from questions page,Will be fetched later,Will be fetched later,1
will be fetcghed from questions page,Will be fetched later,Will be fetched later,1
will be fetcghed from questions page,Will be fetched later,Will be fetched later,1
will be fetcghed from questions page,Will be fetched later,Will be fetched later,1
will be fetcghed from questions page,Will be fetched later,Will be fetched later,1
will be fetcghed from questions page,Will be fetched later,Will be fetched later,1
will be fetcghed from questions page,Will be fetched later,Will be fetched later,1
will be fetcghed from questions page,Will be fetched later,Will be fetched later,1
will be fetcghed from questions page,Will be fetched later,Will be fetched later,1
Neural network back propagation regression  how to correctly learn the cos function?,1,1,1
will be fetcghed from questions page,Will be fetched later,Will be fetched later,1
will be fetcghed from questions page,Will be fetched later,Will be fetched later,1
will be fetcghed from questions page,Will be fetched later,Will be fetched later,1
will be fetcghed from questions page,Will be fetched later,Will be fetched later,1
will be fetcghed from questions page,Will be fetched later,Will be fetched later,1
will be fetcghed from questions page,Will be fetched later,Will be fetched later,1
will be fetcghed from questions page,Will be fetched later,Will be fetched later,1
will be fetcghed from questions page,Will be fetched later,Will be fetched later,1
will be fetcghed from questions page,Will be fetched later,Will be fetched later,1
How to access Playwright's launch options,1,0,1
will be fetcghed from questions page,Will be fetched later,Will be fetched later,1
will be fetcghed from questions page,Will be fetched later,Will be fetched later,1
will be fetcghed from questions page,Will be fetched later,Will be fetched later,1
will be fetcghed from questions page,Will be fetched later,Will be fetched later,1
will be fetcghed from questions page,Will be fetched later,Will be fetched later,1
will be fetcghed from questions page,Will be fetched later,Will be fetched later,1
will be fetcghed from questions page,Will be fetched later,Will be fetched later,1
Unity Firebase Storage - Check if file exists Async,1,-1,1
will be fetcghed from questions page,Will be fetched later,Will be fetched later,1
will be fetcghed from questions page,Will be fetched later,Will be fetched later,1
will be fetcghed from questions page,Will be fetched later,Will be fetched later,1
will be fetcghed from questions page,Will be fetched later,Will be fetched later,1
will be fetcghed from questions page,Will be fetched later,Will be fetched later,1
will be fetcghed from questions page,Will be fetched later,Will be fetched later,1
will be fetcghed from questions page,Will be fetched later,Will be fetched later,1
will be fetcghed from questions page,Will be fetched later,Will be fetched later,1
kafka + what chould be the root cause for Consumer group is rebalancing,1,1,1
will be fetcghed from questions page,Will be fetched later,Will be fetched later,1
will be fetcghed from questions page,Will be fetched later,Will be fetched later,1
will be fetcghed from questions page,Will be fetched later,Will be fetched later,1
will be fetcghed from questions page,Will be fetched later,Will be fetched later,1
will be fetcghed from questions page,Will be fetched later,Will be fetched later,1
will be fetcghed from questions page,Will be fetched later,Will be fetched later,1
will be fetcghed from questions page,Will be fetched later,Will be fetched later,1
Mask_RCNN : module() takes at most 2 arguments (3 given) error,0,0,1
will be fetcghed from questions page,Will be fetched later,Will be fetched later,1
will be fetcghed from questions page,Will be fetched later,Will be fetched later,1
will be fetcghed from questions page,Will be fetched later,Will be fetched later,1
will be fetcghed from questions page,Will be fetched later,Will be fetched later,1
will be fetcghed from questions page,Will be fetched later,Will be fetched later,1
will be fetcghed from questions page,Will be fetched later,Will be fetched later,1
will be fetcghed from questions page,Will be fetched later,Will be fetched later,1
will be fetcghed from questions page,Will be fetched later,Will be fetched later,1
How can I convert a long into a list of digits? in C [closed],1,-4,1
will be fetcghed from questions page,Will be fetched later,Will be fetched later,1
will be fetcghed from questions page,Will be fetched later,Will be fetched later,1
will be fetcghed from questions page,Will be fetched later,Will be fetched later,1
will be fetcghed from questions page,Will be fetched later,Will be fetched later,1
will be fetcghed from questions page,Will be fetched later,Will be fetched later,1
will be fetcghed from questions page,Will be fetched later,Will be fetched later,1
will be fetcghed from questions page,Will be fetched later,Will be fetched later,1
will be fetcghed from questions page,Will be fetched later,Will be fetched later,1
Why can't i use same file channel twice in TCL,1,0,1
will be fetcghed from questions page,Will be fetched later,Will be fetched later,1
will be fetcghed from questions page,Will be fetched later,Will be fetched later,1
will be fetcghed from questions page,Will be fetched later,Will be fetched later,1
will be fetcghed from questions page,Will be fetched later,Will be fetched later,1
will be fetcghed from questions page,Will be fetched later,Will be fetched later,1
will be fetcghed from questions page,Will be fetched later,Will be fetched later,1
will be fetcghed from questions page,Will be fetched later,Will be fetched later,1
will be fetcghed from questions page,Will be fetched later,Will be fetched later,1
will be fetcghed from questions page,Will be fetched later,Will be fetched later,1
will be fetcghed from questions page,Will be fetched later,Will be fetched later,1
Ionic 5 how to add google play auth for APK in google play,0,0,1
will be fetcghed from questions page,Will be fetched later,Will be fetched later,1
will be fetcghed from questions page,Will be fetched later,Will be fetched later,1
will be fetcghed from questions page,Will be fetched later,Will be fetched later,1
will be fetcghed from questions page,Will be fetched later,Will be fetched later,1
will be fetcghed from questions page,Will be fetched later,Will be fetched later,1
will be fetcghed from questions page,Will be fetched later,Will be fetched later,1
Storing JOIN Values in PHP and showing them as a table [closed],2,-1,1
will be fetcghed from questions page,Will be fetched later,Will be fetched later,1
will be fetcghed from questions page,Will be fetched later,Will be fetched later,1
will be fetcghed from questions page,Will be fetched later,Will be fetched later,1
will be fetcghed from questions page,Will be fetched later,Will be fetched later,1
will be fetcghed from questions page,Will be fetched later,Will be fetched later,1
will be fetcghed from questions page,Will be fetched later,Will be fetched later,1
will be fetcghed from questions page,Will be fetched later,Will be fetched later,1
will be fetcghed from questions page,Will be fetched later,Will be fetched later,1
will be fetcghed from questions page,Will be fetched later,Will be fetched later,1
will be fetcghed from questions page,Will be fetched later,Will be fetched later,1
VBScript scroll inside input file,0,0,1
will be fetcghed from questions page,Will be fetched later,Will be fetched later,1
will be fetcghed from questions page,Will be fetched later,Will be fetched later,1
will be fetcghed from questions page,Will be fetched later,Will be fetched later,1
will be fetcghed from questions page,Will be fetched later,Will be fetched later,1
will be fetcghed from questions page,Will be fetched later,Will be fetched later,1
will be fetcghed from questions page,Will be fetched later,Will be fetched later,1
will be fetcghed from questions page,Will be fetched later,Will be fetched later,1
will be fetcghed from questions page,Will be fetched later,Will be fetched later,1
'Collection' object is not callable when trying to count the number of documents in that collection,0,0,1
will be fetcghed from questions page,Will be fetched later,Will be fetched later,1
will be fetcghed from questions page,Will be fetched later,Will be fetched later,1
will be fetcghed from questions page,Will be fetched later,Will be fetched later,1
will be fetcghed from questions page,Will be fetched later,Will be fetched later,1
will be fetcghed from questions page,Will be fetched later,Will be fetched later,1
will be fetcghed from questions page,Will be fetched later,Will be fetched later,1
will be fetcghed from questions page,Will be fetched later,Will be fetched later,1
will be fetcghed from questions page,Will be fetched later,Will be fetched later,1
will be fetcghed from questions page,Will be fetched later,Will be fetched later,1
will be fetcghed from questions page,Will be fetched later,Will be fetched later,1
Using a variable in the Request Body form in Azure Data Factory Copy Data activity,1,0,1
will be fetcghed from questions page,Will be fetched later,Will be fetched later,1
will be fetcghed from questions page,Will be fetched later,Will be fetched later,1
will be fetcghed from questions page,Will be fetched later,Will be fetched later,1
will be fetcghed from questions page,Will be fetched later,Will be fetched later,1
will be fetcghed from questions page,Will be fetched later,Will be fetched later,1
will be fetcghed from questions page,Will be fetched later,Will be fetched later,1
will be fetcghed from questions page,Will be fetched later,Will be fetched later,1
will be fetcghed from questions page,Will be fetched later,Will be fetched later,1
will be fetcghed from questions page,Will be fetched later,Will be fetched later,1
will be fetcghed from questions page,Will be fetched later,Will be fetched later,1
JAXB - Load XML file with different namespaces,2,2,1
will be fetcghed from questions page,Will be fetched later,Will be fetched later,1
will be fetcghed from questions page,Will be fetched later,Will be fetched later,1
will be fetcghed from questions page,Will be fetched later,Will be fetched later,1
will be fetcghed from questions page,Will be fetched later,Will be fetched later,1
will be fetcghed from questions page,Will be fetched later,Will be fetched later,1
will be fetcghed from questions page,Will be fetched later,Will be fetched later,1
will be fetcghed from questions page,Will be fetched later,Will be fetched later,1
will be fetcghed from questions page,Will be fetched later,Will be fetched later,1
will be fetcghed from questions page,Will be fetched later,Will be fetched later,1
How to get a CSS grid with a 1 x 2 grid on top and a 1 x 3 grid below? [closed],3,0,1
will be fetcghed from questions page,Will be fetched later,Will be fetched later,1
will be fetcghed from questions page,Will be fetched later,Will be fetched later,1
will be fetcghed from questions page,Will be fetched later,Will be fetched later,1
will be fetcghed from questions page,Will be fetched later,Will be fetched later,1
will be fetcghed from questions page,Will be fetched later,Will be fetched later,1
will be fetcghed from questions page,Will be fetched later,Will be fetched later,1
will be fetcghed from questions page,Will be fetched later,Will be fetched later,1
will be fetcghed from questions page,Will be fetched later,Will be fetched later,1
will be fetcghed from questions page,Will be fetched later,Will be fetched later,1
NiFi: change text in FlowFile (Python or ...),2,0,1
will be fetcghed from questions page,Will be fetched later,Will be fetched later,1
will be fetcghed from questions page,Will be fetched later,Will be fetched later,1
will be fetcghed from questions page,Will be fetched later,Will be fetched later,1
will be fetcghed from questions page,Will be fetched later,Will be fetched later,1
will be fetcghed from questions page,Will be fetched later,Will be fetched later,1
will be fetcghed from questions page,Will be fetched later,Will be fetched later,1
will be fetcghed from questions page,Will be fetched later,Will be fetched later,1
will be fetcghed from questions page,Will be fetched later,Will be fetched later,1
will be fetcghed from questions page,Will be fetched later,Will be fetched later,1
will be fetcghed from questions page,Will be fetched later,Will be fetched later,1
Codeigniter 4 call database inside javascript,0,0,1
after webpack bundle  image is crash,0,0,1
Header Cell of UITableView in Swift,2,0,1
How to post an embed with button using discord.py when an user joins the server [closed],0,-2,1
How to restrict ionic app when proxy is enabled in mobile,0,0,1
Can i make react js Website with Flutter app [closed],1,-3,1
Gatsby wrapPageElement causing elements to render twice,1,2,1
